,Month,Region 1747
0,Month 73,3.9538121
1,Month 74,4.0717244
2,Month 75,3.8133316
3,Month 76,3.7612913
4,Month 77,4.219044
5,Month 78,3.4941616
6,Month 79,2.3132796
7,Month 80,2.0801744
8,Month 81,2.7023265
9,Month 82,3.1141272
10,Month 83,3.376369
11,Month 84,3.8136616
12,Month 85,4.1464887
13,Month 86,4.0871935
14,Month 87,3.8965614
